nan,nan_1,nan_2,nan_3,nan_4,nan_5,nan_6,nan_7,nan_8,nan_9,nan_10,nan_11,nan_12,nan_13,nan_14,nan_15,nan_16,nan_17,nan_18,nan_19,nan_20,nan_21,nan_22,nan_23,nan_24,nan_25,nan_26,nan_27,nan_28,nan_29,nan_30,nan_31,nan_32,nan_33,nan_34,nan_35,nan_36,nan_37
Deal name masked,Customer Name Code,Serial #,Nature of Work,Last executed month of recurring project,Execution Status,Data Delivery Date,Date of PO/LOI,Document Type,Probable Start Date,Probable End Date,BD/KAM Personnel code,Sector,Type of Work,Is any Skylark software platform part of the client deliverables in this deal?,Last invoice date,latest invoice no.,Amount in Rupees (Excl of GST) (Masked),Amount in Rupees (Incl of GST) (Masked),Billed Value in Rupees (Excl of GST.) (Masked),Billed Value in Rupees (Incl of GST.) (Masked),Collected Amount in Rupees (Incl of GST.) (Masked),Amount to be billed in Rs. (Exl. of GST) (Masked),Amount to be billed in Rs. (Incl. of GST) (Masked),Amount Receivable (Masked),AR Priority account,Quantity by Ops,Quantities as per PO,Quantity billed (till date),Balance in quantity,Invoice Status,Expected Billing Month,Actual Billing Month,Actual Collection Month,WO Status (billed),Collection status,Collection Date,Billing Status
Scooby-Doo,WOCOMPANY_002,SDPLDEAL-075,One time Project,nan,Completed,2025-09-27 00:00:00,2025-10-29 00:00:00,Purchase Order,2025-05-31 00:00:00,2025-06-03 00:00:00,OWNER_003,Mining,Raw images/videography,NONE,2026-01-14 00:00:00,SDPL/FY25-26/916,264398.08,311989.7344,nan,0,nan,264398.08,311989.7344,0,nan,nan,5360 HA,nan,5360,nan,nan,nan,nan,nan,nan,nan,Update Required
Appa,WOCOMPANY_038,SDPLDEAL-101,Proof of Concept,nan,Not Started,nan,2025-07-31 00:00:00,Purchase Order,2025-08-11 00:00:00,2025-08-15 00:00:00,OWNER_002,Powerline,Powerline Inspection,nan,nan,nan,154150,181897,nan,0,nan,154150,181897,0,nan,nan,4,nan,4,nan,nan,nan,nan,Open,nan,nan,nan
Sakura,WOCOMPANY_002,SDPLDEAL-002,Monthly Contract,Dec,Executed until current month,2025-12-31 00:00:00,2025-05-16 00:00:00,Purchase Order,2025-05-01 00:00:00,2026-04-30 00:00:00,OWNER_003,Mining,Volumetric survey,NONE,nan,nan,2984097.3600000003,3521234.8848,23959.682484,28272.42533112,nan,2960137.677516,3492962.4594688797,28272.42533112,nan,nan,3000,nan,3000,nan,nan,nan,nan,Open,nan,nan,Partially Billed
Sakura,WOCOMPANY_002,SDPLDEAL-003,One time Project,nan,Completed,nan,2025-05-08 00:00:00,Purchase Order,2025-05-20 00:00:00,2025-05-31 00:00:00,OWNER_003,Mining,Topography Survey: RGB,NONE,2025-09-15 00:00:00,SDPL/FY25-26/449,184980,218276.40000000002,184980,218276.40000000002,66880.13560000001,0,0,151396.26440000001,nan,nan,600,nan,600,Not billed yet,nan,nan,nan,Open,nan,nan,nan
SpongeBob,WOCOMPANY_032,SDPLDEAL-004,One time Project,nan,Completed,nan,2025-05-06 00:00:00,LOA/LOI,2025-05-24 00:00:00,2025-06-20 00:00:00,OWNER_003,Powerline,Powerline Inspection,NONE,nan,nan,1132250.2480000001,1336055.29264,1215157.5440800001,1433885.9020144,nan,-82907.29608,-97830.6093744,1433885.9020144,Priority,nan,59.33,nan,59.33,nan,nan,nan,nan,Open,nan,nan,BIlled
Edward Elric,WOCOMPANY_008,SDPLDEAL-005,One time Project,nan,Completed,nan,2025-05-16 00:00:00,Purchase Order,2025-05-20 00:00:00,2025-05-31 00:00:00,OWNER_003,Renewables,Hydrology,NONE,2025-07-18 00:00:00,SDPL/FY25-26/359,135652,160069.36000000002,135652,160069.36000000002,160069.36000000002,0,0,0,nan,nan,1,1,0,Fully Billed,nan,nan,nan,Closed,nan,nan,nan
Pumbaa,WOCOMPANY_047,SDPLDEAL-001,Annual Rate Contract,June,Ongoing,nan,2025-05-15 00:00:00,Purchase Order,2025-05-19 00:00:00,2025-11-19 00:00:00,OWNER_005,Renewables,Others,SPECTRA,2025-09-06 00:00:00,SDPL/FY25-26/431,3995568.0000000005,4714770.24,3662604,4321872.720000001,1405108.08,332964,392897.52,2916764.64,nan,nan,12,2,10,Partially Billed,nan,nan,nan,Open,nan,nan,nan
Sakura,WOCOMPANY_002,SDPLDEAL-006,Monthly Contract,November,Executed until current month,nan,2025-05-21 00:00:00,Purchase Order,2025-05-01 00:00:00,2026-04-30 00:00:00,OWNER_003,Mining,Topography Survey: RGB,NONE,2025-06-16 00:00:00,SDPL/FY25-26/064,727588,858553.8400000001,151417.191804,178672.28632872002,178672.182,576170.808196,679881.5536712802,0.10432872,nan,nan,1600,nan,1600,Partially Billed,nan,nan,nan,Open,nan,nan,nan
Sakura,WOCOMPANY_002,SDPLDEAL-007,Monthly Contract,Dec,Executed until current month,nan,2025-05-22 00:00:00,Purchase Order,2025-05-20 00:00:00,2026-04-30 00:00:00,OWNER_003,Mining,Topography Survey: RGB,NONE,2025-09-06 00:00:00,SDPL/FY25-26/435,2293752,2706627.3600000003,1742808.4435720001,2056513.9634149598,1225606.681988,550943.556428,650113.39658504,830907.2814269599,nan,nan,4800,nan,4800,Partially Billed,nan,nan,nan,Open,nan,nan,nan
Alias_160,WOCOMPANY_051,SDPLDEAL-008,One time Project,nan,Completed,2025-05-28 00:00:00,2025-04-10 00:00:00,Purchase Order,2025-04-20 00:00:00,2025-05-31 00:00:00,OWNER_001,Mining,Topography Survey: RGB,NONE,2025-07-23 00:00:00,SDPL/FY25-26/365,126649.64000000001,149446.57520000002,81360.37000000001,96005.2366,nan,45289.270000000004,53441.3386,96005.2366,nan,447.170583,460,nan,460,Fully Billed,nan,July,nan,Closed,nan,nan,nan
Alias_160,WOCOMPANY_051,SDPLDEAL-009,One time Project,nan,Completed,2025-05-30 00:00:00,2025-04-10 00:00:00,Purchase Order,2025-04-15 00:00:00,2025-05-31 00:00:00,OWNER_001,Mining,Topography Survey: RGB,NONE,2025-08-06 00:00:00,SDPL/FY25-26/385,1198053.8,1413703.4840000002,680159.917248,802588.70235264,397840.85152799997,517893.882752,611114.78164736,404747.85082464,nan,2424.42,2500,nan,2500,Fully Billed,nan,August,nan,Closed,nan,nan,nan
Alias_160,WOCOMPANY_051,SDPLDEAL-010,One time Project,nan,Completed,2025-06-10 00:00:00,2025-04-10 00:00:00,Purchase Order,2025-04-14 00:00:00,2025-05-31 00:00:00,OWNER_001,Mining,Topography Survey: RGB,NONE,2025-06-27 00:00:00,SDPL/FY25-26/096,112652.82,132930.32760000002,112652.82,132930.32760000002,nan,0,0,132930.32760000002,nan,629.83,630,nan,630,Fully Billed,nan,June,nan,Closed,nan,nan,nan
Alias_160,WOCOMPANY_051,SDPLDEAL-011,One time Project,nan,Completed,2025-05-20 00:00:00,2025-04-10 00:00:00,Purchase Order,2025-04-10 00:00:00,2025-05-31 00:00:00,OWNER_001,Mining,Topography Survey: RGB,NONE,2025-08-06 00:00:00,SDPL/FY25-26/382,643730.4,759601.8720000001,593662.48,700521.7264,641154.9234600001,50067.920000000006,59080.1456,59366.80294,nan,3319.81,3600,nan,3600,Fully Billed,nan,August,nan,Closed,nan,nan,nan
Alias_160,WOCOMPANY_051,SDPLDEAL-012,One time Project,nan,Completed,2025-06-17 00:00:00,2025-04-10 00:00:00,Purchase Order,2025-04-14 00:00:00,2025-06-16 00:00:00,OWNER_001,Mining,Topography Survey: RGB,NONE,2025-07-23 00:00:00,SDPL/FY25-26/366,770750,909485,380158.564,448587.10552,371722.89639600005,390591.43600000005,460897.8944800001,76864.20912399988,nan,2125.654959,2500,nan,2500,Fully Billed,nan,July,nan,Closed,nan,nan,nan
Alias_160,WOCOMPANY_051,SDPLDEAL-013,One time Project,nan,Completed,2025-05-13 00:00:00,2025-04-10 00:00:00,Purchase Order,2025-04-15 00:00:00,2025-05-31 00:00:00,OWNER_001,Mining,Topography Survey: RGB,NONE,2025-08-06 00:00:00,SDPL/FY25-26/383,214576.80000000002,253200.624,172555.51,203615.5018,186359.876808,42021.29,49585.122200000005,17255.624992,nan,964.831248,1200,nan,1200,Fully Billed,nan,August,nan,Closed,nan,nan,nan
Alias_160,WOCOMPANY_051,SDPLDEAL-014,One time Project,nan,Completed,2025-05-30 00:00:00,2025-04-10 00:00:00,Purchase Order,2025-04-09 00:00:00,2025-06-20 00:00:00,OWNER_001,Mining,Topography Survey: RGB,NONE,2025-09-24 00:00:00,SDPL/FY25-26/475,250339.6,295400.728,177469.31872,209413.79608960001,191666.41040000002,72870.28128000001,85986.93191040002,17747.3856896,nan,922.484,1400,nan,1400,Fully Billed,nan,September,nan,Closed,nan,nan,nan
Alias_160,WOCOMPANY_051,SDPLDEAL-015,One time Project,nan,Completed,2025-05-03 00:00:00,2025-04-10 00:00:00,Purchase Order,2025-04-22 00:00:00,2025-06-20 00:00:00,OWNER_001,Mining,Topography Survey: RGB,NONE,2025-08-06 00:00:00,SDPL/FY25-26/384,109791.796,129554.31928,109791.796,129554.31928,118573.90648,0,0,10980.4128,nan,613.57,614,nan,614,Fully Billed,nan,August,nan,Closed,nan,nan,nan
Alias_160,WOCOMPANY_051,SDPLDEAL-016,One time Project,nan,Completed,2025-05-06 00:00:00,2025-04-10 00:00:00,Purchase Order,2025-04-25 00:00:00,2025-06-13 00:00:00,OWNER_001,Mining,Topography Survey: RGB,NONE,2025-09-08 00:00:00,SDPL/FY25-26/437,210799.50840000002,248743.419912,210799.50840000002,248743.419912,189719.471236,0,0,59023.94867600001,Priority,1213.9,1178.88,nan,1178.88,Fully Billed,nan,September,nan,Closed,nan,nan,nan
Alias_160,WOCOMPANY_051,SDPLDEAL-017,One time Project,nan,Completed,2025-05-13 00:00:00,2025-04-10 00:00:00,Purchase Order,2025-04-25 00:00:00,2025-05-31 00:00:00,OWNER_001,Mining,Topography Survey: RGB,NONE,2025-07-10 00:00:00,SDPL/FY25-26/133,62584.9,73850.182,62584.9,73850.182,67591.91397600001,0,0,6258.268024,nan,348.2,350,nan,350,Fully Billed,nan,July,nan,Closed,nan,nan,nan
Alias_160,WOCOMPANY_051,SDPLDEAL-018,One time Project,nan,Completed,2025-05-06 00:00:00,2025-04-10 00:00:00,Purchase Order,2025-04-28 00:00:00,2025-05-31 00:00:00,OWNER_001,Mining,Topography Survey: RGB,NONE,2025-06-29 00:00:00,SDPL/FY25-26/099,260360.58320000002,307225.488176,260353.184,307216.75712,281181.83334400004,7.3992,8.731056,26034.923776000003,nan,1437.2,1456,nan,1456,Fully Billed,nan,July,nan,Closed,nan,nan,nan
Alias_160,WOCOMPANY_051,SDPLDEAL-019,One time Project,nan,Completed,2025-06-14 00:00:00,2025-04-10 00:00:00,Purchase Order,2025-05-01 00:00:00,2025-05-30 00:00:00,OWNER_001,Mining,Topography Survey: RGB,NONE,2025-06-27 00:00:00,SDPL/FY25-26/110,157535.13400000002,185891.45812000002,157399.23536000002,185731.09772480003,185891.3348,135.89864,160.3603952,-160.23707520000002,nan,880.27,881,nan,881,Fully Billed,nan,July,nan,Closed,nan,nan,nan
Alias_160,WOCOMPANY_051,SDPLDEAL-020,One time Project,nan,Completed,2025-06-03 00:00:00,2025-04-10 00:00:00,Purchase Order,2025-05-02 00:00:00,2025-05-30 00:00:00,OWNER_001,Mining,Topography Survey: RGB,NONE,2025-07-19 00:00:00,SDPL/FY25-26/360,227987.85,269025.663,215828.49800000002,254677.62764000002,233094.38321600002,12159.352,14348.03536,21583.244424,nan,1206.67,1275,1207,68,Fully Billed,nan,July,nan,Closed,nan,nan,nan
Mojo Jojo,WOCOMPANY_036,SDPLDEAL-021,One time Project,nan,Completed,2025-06-24 00:00:00,2025-04-10 00:00:00,Purchase Order,2025-05-01 00:00:00,2025-05-31 00:00:00,OWNER_001,Mining,Topography Survey: RGB,NONE,2025-08-08 00:00:00,SDPL/FY25-26/399,151275.4108,178504.98474400002,125206.796,147744.01928,147743.526,26068.614800000003,30760.965464,0.49328000000000005,nan,383.54,446.07,nan,446.07,Fully Billed,nan,August,nan,Closed,nan,nan,nan
Mojo Jojo,WOCOMPANY_036,SDPLDEAL-022,One time Project,nan,Completed,2025-05-07 00:00:00,2025-04-10 00:00:00,Purchase Order,2025-05-01 00:00:00,2025-05-31 00:00:00,OWNER_001,Mining,Topography Survey: RGB,NONE,2025-08-05 00:00:00,SDPL/FY25-26/143,1164911.55,1374595.6290000002,1138011.7584000002,1342853.874912,1342853.6776,26899.7916,31741.754088,0.19731199987668,nan,3352.936219,3435,nan,3435,Fully Billed,nan,August,nan,Closed,nan,nan,nan
Mojo Jojo,WOCOMPANY_036,SDPLDEAL-024,One time Project,nan,Completed,2025-06-07 00:00:00,2025-04-10 00:00:00,Purchase Order,2025-05-01 00:00:00,2025-05-31 00:00:00,OWNER_001,Mining,Topography Survey: RGB,NONE,2025-08-06 00:00:00,SDPL/FY25-26/389,371860.36120000004,438795.22621600004,365246.7096,430991.117328,430990.77203200007,6613.6516,7804.108888000001,0.34529600000000005,nan,nan,662.27,nan,662.27,Fully Billed,nan,August,nan,Closed,nan,nan,nan
Mojo Jojo,WOCOMPANY_036,SDPLDEAL-023,One time Project,nan,Completed,2025-06-24 00:00:00,2025-04-10 00:00:00,Purchase Order,2025-05-01 00:00:00,2025-05-31 00:00:00,OWNER_001,Mining,Topography Survey: RGB,NONE,2025-08-07 00:00:00,SDPL/FY25-26/394,440190.74000000005,519425.07320000004,396450.3692,467811.43565600005,467810.72040000005,43740.370800000004,51613.637544,0.715256,nan,1073.63,1180,nan,1180,Fully Billed,nan,September,nan,Closed,nan,nan,nan
Alias_160,WOCOMPANY_051,SDPLDEAL-025,One time Project,nan,Completed,2025-07-10 00:00:00,2025-04-10 00:00:00,Purchase Order,2025-05-07 00:00:00,2025-06-15 00:00:00,OWNER_001,Mining,Topography Survey: RGB,NONE,2025-07-25 00:00:00,SDPL/FY25-26/371,170274.09,200923.42620000002,170274.09,200923.42620000002,nan,0,0,200923.42620000002,nan,952.24,952.24,nan,952.24,Fully Billed,nan,July,nan,Closed,nan,nan,nan
Tanjiro,WOCOMPANY_005,SDPLDEAL-026,One time Project,nan,Completed,2025-06-11 00:00:00,2025-04-10 00:00:00,Purchase Order,2025-05-01 00:00:00,2025-05-30 00:00:00,OWNER_001,Mining,Topography Survey: RGB,NONE,2025-08-07 00:00:00,SDPL/FY25-26/395,183130.2,216093.636,179510.758,211822.69444000002,17951.6924,3619.442,4270.94156,193871.00204000002,nan,808.664192,825,nan,825,Fully Billed,nan,July,nan,Closed,nan,nan,nan
Tanjiro,WOCOMPANY_005,SDPLDEAL-027,One time Project,nan,Completed,2025-06-16 00:00:00,2025-04-10 00:00:00,Purchase Order,2025-05-01 00:00:00,2025-05-30 00:00:00,OWNER_001,Mining,Topography Survey: RGB,NONE,2025-08-08 00:00:00,SDPL/FY25-26/398,937848.6000000001,1106661.348,937848.6000000001,1106661.348,nan,0,0,1106661.348,nan,4178.438199,4225,nan,4225,Fully Billed,nan,August,nan,Closed,nan,nan,nan
Tanjiro,WOCOMPANY_005,SDPLDEAL-028,One time Project,nan,Completed,2025-06-16 00:00:00,2025-04-10 00:00:00,Purchase Order,2025-05-01 00:00:00,2025-05-30 00:00:00,OWNER_001,Mining,Topography Survey: RGB,NONE,2025-08-07 00:00:00,SDPL/FY25-26/396,355161.60000000003,419090.688,336437.9244,396996.75079200004,nan,18723.675600000002,22093.937208,396996.75079200004,nan,1505.64583,1600,nan,1600,Fully Billed,nan,August,nan,Closed,nan,nan,nan
Tanjiro,WOCOMPANY_005,SDPLDEAL-029,One time Project,nan,Completed,2025-06-13 00:00:00,2025-04-10 00:00:00,Purchase Order,2025-05-01 00:00:00,2025-05-30 00:00:00,OWNER_001,Mining,Topography Survey: RGB,NONE,2025-08-06 00:00:00,SDPL/FY25-26/392,358830.86328000005,423420.41867040005,358830.37,423419.83660000004,nan,0.49328000000000005,0.5820704,423419.83660000004,nan,1626.320549,1616.53,nan,1616.53,Fully Billed,nan,August,nan,Closed,nan,nan,nan
Armin,WOCOMPANY_020,SDPLDEAL-030,One time Project,nan,Completed,2025-05-09 00:00:00,2025-04-10 00:00:00,Purchase Order,2025-04-15 00:00:00,2025-05-30 00:00:00,OWNER_001,Mining,Topography Survey: RGB,NONE,2025-06-24 00:00:00,SDPL/FY25-26/084,135488.711988,159876.68014584002,135489.2176,159877.276768,159876.98080000002,-0.505612,-0.59662216,0.295968,nan,396.22,406,nan,406,Fully Billed,nan,June,nan,Closed,nan,nan,nan
Armin,WOCOMPANY_020,SDPLDEAL-031,One time Project,nan,Completed,2025-05-09 00:00:00,2025-04-10 00:00:00,Purchase Order,2025-04-15 00:00:00,2025-05-30 00:00:00,OWNER_001,Mining,Topography Survey: RGB,NONE,2025-06-24 00:00:00,SDPL/FY25-26/086,236813.8624,279440.357632,236813.8624,279440.357632,4737.9544000000005,0,0,274702.403232,nan,705.02,711.23,nan,711.23,Fully Billed,nan,June,nan,Closed,nan,nan,nan
Armin,WOCOMPANY_020,SDPLDEAL-032,One time Project,nan,Completed,2025-05-09 00:00:00,2025-04-10 00:00:00,Purchase Order,2025-04-15 00:00:00,2025-05-30 00:00:00,OWNER_001,Mining,Topography Survey: RGB,NONE,2025-06-24 00:00:00,SDPL/FY25-26/085,382095.92120000004,450873.18701600004,382095.92120000004,450873.18701600004,450873.95160000003,0,0,-0.764584,nan,1144.13,1147.56,nan,1147.56,Fully Billed,nan,June,nan,Closed,nan,nan,nan
Jessie,WOCOMPANY_043,SDPLDEAL-033,Annual Rate Contract,June,Completed,2025-06-15 00:00:00,2025-04-10 00:00:00,Purchase Order,2025-04-21 00:00:00,2025-05-31 00:00:00,OWNER_001,Mining,Topography Survey: RGB,NONE,2025-08-21 00:00:00,SDPL/FY25-26/418,755939.268,892008.33624,545913.71592,644178.1847855999,383312.436004,210025.55208,247830.1514544,260865.7487815999,Priority,6539.578,5838,nan,5838,Partially Billed,nan,August,nan,Closed,nan,nan,nan
Naruto,WOCOMPANY_001,SDPLDEAL-034,One time Project,nan,Completed,nan,2025-05-27 00:00:00,Purchase Order,2025-05-27 00:00:00,2025-06-30 00:00:00,OWNER_003,Renewables,Hydrology,NONE,2025-09-16 00:00:00,SDPL/FY25-26/455,308300,363794,308300,363794,120853.6,0,0,242940.40000000002,Priority,nan,1,nan,1,Fully Billed,nan,nan,nan,Closed,nan,nan,nan
Inosuke,WOCOMPANY_045,SDPLDEAL-035,Proof of Concept,nan,Ongoing,nan,2025-05-13 00:00:00,LOA/LOI,2025-06-01 00:00:00,2025-06-30 00:00:00,OWNER_003,Railways,Road/rail survey,NONE,nan,nan,1.2332,1.455176,nan,0,nan,1.2332,1.455176,0,nan,nan,1,nan,1,nan,nan,nan,nan,Open,nan,nan,Not Billable
Alias_162,WOCOMPANY_052,SDPLDEAL-037,Annual Rate Contract,Dec,Completed,2025-06-18 00:00:00,2025-04-25 00:00:00,Purchase Order,2025-06-04 00:00:00,2025-06-30 00:00:00,OWNER_001,Mining,Topography Survey: RGB,NONE,nan,nan,2250751.5492000002,2655886.828056,2158261.91916,2546749.0646088,nan,92489.63004,109137.76344719999,2546749.0646088,Priority,nan,300,nan,300,Partially Billed,nan,July,nan,Open,nan,nan,nan
Alias_162,WOCOMPANY_052,SDPLDEAL-038,One time Project,nan,Completed,2025-06-22 00:00:00,2025-04-10 00:00:00,Purchase Order,2025-06-12 00:00:00,2025-06-30 00:00:00,OWNER_001,Mining,Topography Survey: RGB,NONE,2025-08-01 00:00:00,SDPL/FY25-26/372,476015.2,561697.936,476382.69360000006,562131.578448,562132.0224,-367.4936,-433.642448,-0.443952,nan,nan,643,nan,643,Fully Billed,nan,July,nan,Closed,nan,nan,nan
Alphonse,WOCOMPANY_009,SDPLDEAL-040,One time Project,nan,Completed,2025-09-23 00:00:00,2025-06-11 00:00:00,Purchase Order,2025-06-16 00:00:00,2025-07-04 00:00:00,OWNER_001,Renewables,Topography Survey: RGB,NONE,nan,nan,1426208.132,1682925.59576,nan,0,nan,1426208.132,1682925.59576,0,nan,nan,2057 Acr,nan,2057,Not billed yet,nan,nan,nan,Open,nan,nan,nan
Alphonse,WOCOMPANY_009,SDPLDEAL-041,One time Project,nan,Completed,2025-06-11 00:00:00,2025-06-11 00:00:00,Purchase Order,2025-06-02 00:00:00,2025-06-13 00:00:00,OWNER_001,Renewables,"Hydrology, Topography Survey: RGB",NONE,2025-06-17 00:00:00,SDPL/FY25-26/068,443952,523863.36000000004,443952,523863.36000000004,523863.36000000004,0,0,0,nan,nan,1,1,0,Fully Billed,nan,June,nan,Closed,nan,nan,nan
Alphonse,WOCOMPANY_009,SDPLDEAL-042,One time Project,nan,Completed,nan,2025-06-11 00:00:00,Purchase Order,2025-06-02 00:00:00,2025-06-11 00:00:00,OWNER_001,Renewables,"Topography Survey: RGB, Hydrology",NONE,2025-06-17 00:00:00,SDPL/FY25-26/069,881738,1040450.8400000001,881738,1040450.8400000001,895103.4216,0,0,145347.4184,nan,nan,1,1,0,Fully Billed,nan,September,nan,Closed,nan,nan,nan
Erwin,WOCOMPANY_021,SDPLDEAL-043,One time Project,nan,Completed,2025-06-15 00:00:00,2025-04-10 00:00:00,Purchase Order,2025-06-16 00:00:00,2025-06-23 00:00:00,OWNER_001,Mining,Topography Survey: RGB,NONE,2025-09-16 00:00:00,SDPL/FY25-26/453,16648.2,19644.876,16648.2,19644.876,nan,0,0,19644.876,nan,nan,50 HA,nan,50,Fully Billed,nan,September,nan,Closed,nan,nan,nan
Tanjiro,WOCOMPANY_005,SDPLDEAL-044,One time Project,nan,Completed,2025-07-02 00:00:00,2025-04-10 00:00:00,LOA/LOI,2025-06-14 00:00:00,2025-06-23 00:00:00,OWNER_001,Mining,Topography Survey: RGB,NONE,2025-08-20 00:00:00,SDPL/FY25-26/407,12774.7188,15074.168184000002,12774.7188,15074.168184000002,15074.6368,0,0,-0.46861600000000003,nan,nan,57.55 HA,nan,57.55,Fully Billed,nan,August,nan,Closed,nan,nan,nan
Tanjiro,WOCOMPANY_051,SDPLDEAL-046,One time Project,nan,Completed,2025-05-05 00:00:00,2025-04-10 00:00:00,Purchase Order,2025-05-22 00:00:00,2025-06-22 00:00:00,OWNER_001,Mining,Topography Survey: RGB,NONE,2025-07-25 00:00:00,SDPL/FY25-26/369,390952.7636,461324.2610480001,390887.40400000004,461247.13672,461247.63,65.3596,77.124328,-0.49328000000000005,nan,2246.97,2186.54 HA,nan,2186.54,Fully Billed,nan,July,nan,Closed,nan,nan,nan
Tanjiro,WOCOMPANY_051,SDPLDEAL-047,One time Project,nan,Completed,2025-05-26 00:00:00,2025-04-10 00:00:00,Purchase Order,2025-05-15 00:00:00,2025-06-16 00:00:00,OWNER_001,Mining,Topography Survey: RGB,NONE,2025-07-02 00:00:00,SDPL/FY25-26/115,476539.31000000006,562316.3858,469116.74086,553557.7542148001,506645.90254800004,7422.5691400000005,8758.6315852,46911.85166680001,nan,1993.1968,2665 HA,2623.49,41.51,Fully Billed,nan,July,nan,Closed,nan,nan,nan
Tanjiro,WOCOMPANY_051,SDPLDEAL-048,One time Project,nan,Completed,2025-05-13 00:00:00,2025-04-10 00:00:00,Purchase Order,2025-04-14 00:00:00,2025-06-30 00:00:00,OWNER_001,Mining,Topography Survey: RGB,NONE,2025-06-27 00:00:00,SDPL/FY25-26/097,145842.48654,172094.13411720004,145842.48654,172094.13411720004,157509.754744,0,0,14584.3793732,nan,815.61,815.6 HA,815.61,-0.01,Fully Billed,nan,July,nan,Closed,nan,nan,nan
Tanjiro,WOCOMPANY_051,SDPLDEAL-049,One time Project,nan,Completed,2025-06-10 00:00:00,2025-04-10 00:00:00,Purchase Order,2025-04-21 00:00:00,2025-07-21 00:00:00,OWNER_001,Mining,Topography Survey: RGB,NONE,2025-07-22 00:00:00,SDPL/FY25-26/363,707388.184,834718.05712,707388.184,834718.05712,763979.7320000001,0,0,70738.32512000001,nan,3961.22,3956HA,3956,0,Fully Billed,nan,September,nan,Closed,nan,nan,nan
Timon,WOCOMPANY_046,SDPLDEAL-050,Proof of Concept,nan,Completed,nan,2025-06-20 00:00:00,Email Confirmation,2025-06-23 00:00:00,2025-08-10 00:00:00,OWNER_001,Renewables,"Videography for construction monitoring, Topography Survey: RGB",NONE,nan,nan,1.2332,1.455176,nan,0,nan,1.2332,1.455176,0,nan,nan,2 location,nan,2,nan,nan,nan,nan,Open,nan,nan,nan
Alphonse,WOCOMPANY_009,SDPLDEAL-051,One time Project,nan,Completed,nan,2025-06-17 00:00:00,Purchase Order,2025-01-01 00:00:00,2025-06-20 00:00:00,OWNER_005,Renewables,Others,SPECTRA,2025-06-20 00:00:00,SDPL/FY25-26/080,2466400,2910352,2466400,2910352,2910352,0,0,0,nan,nan,1,1,0,Fully Billed,nan,nan,nan,Closed,nan,nan,nan
Mr. Krabs,WOCOMPANY_031,SDPLDEAL-053,Monthly Contract,May,Executed until current month,nan,2025-01-21 00:00:00,Purchase Order,2025-05-15 00:00:00,2025-05-19 00:00:00,OWNER_004,Mining,LiDAR Survey: LiDAR,SPECTRA,2025-06-20 00:00:00,SDPL/FY25-26/083,184980,218276.40000000002,184980,218276.40000000002,nan,0,0,218276.40000000002,nan,nan,7 mines,1,6,Fully Billed,nan,nan,nan,Closed,nan,nan,nan
Mojo Jojo,WOCOMPANY_036,SDPLDEAL-054,One time Project,nan,Completed,2025-01-23 00:00:00,2025-05-14 00:00:00,Purchase Order,2025-06-04 00:00:00,2025-06-11 00:00:00,OWNER_001,Mining,Topography Survey: RGB,NONE,2025-07-31 00:00:00,SDPL/FY25-26/377,65976.2,77851.916,65967.56760000001,77841.729768,77841.729768,8.6324,10.186232,0,nan,nan,194.52 Ha,nan,194.52,Fully Billed,nan,July,nan,Closed,nan,nan,nan
Asuna,WOCOMPANY_018,SDPLDEAL-055,Monthly Contract,May,Executed until current month,nan,2023-04-11 00:00:00,Purchase Order,nan,nan,OWNER_001,Mining,Videography for construction monitoring,NONE,2025-03-31 00:00:00,SDPL/FY24-25/565,1775808,2095453.4400000002,369960,436552.80000000005,224434.03890400002,1405848,1658900.6400000001,212118.761096,nan,nan,24 Months,nan,24,Partially Billed,nan,nan,nan,Open,nan,nan,nan
Sakura,WOCOMPANY_002,SDPLDEAL-056,One time Project,nan,Completed,nan,2025-02-28 00:00:00,Purchase Order,2025-05-08 00:00:00,nan,OWNER_008,Mining,Raw images/videography,NONE,nan,nan,30830.000000000004,36379.4,30830.000000000004,36379.4,nan,0,0,36379.4,nan,nan,73 Ha,nan,73,Fully Billed,nan,nan,nan,Closed,nan,nan,nan
Asuna,WOCOMPANY_018,SDPLDEAL-057,Monthly Contract,May,Executed until current month,nan,2024-07-12 00:00:00,Purchase Order,nan,nan,OWNER_001,Mining,Videography for construction monitoring,NONE,2025-03-31 00:00:00,SDPL/FY24-25/566,665928,785795.04,110988,130965.84000000001,81392.4332,554940,654829.2000000001,49573.406800000004,nan,nan,18 Months,nan,18,Partially Billed,nan,nan,nan,Open,nan,nan,nan
Gohan,WOCOMPANY_026,SDPLDEAL-058,One time Project,nan,Completed,nan,2025-03-28 00:00:00,Purchase Order,nan,nan,OWNER_001,Construction,"Topography Survey: RGB, Hydrology",DMO,2025-07-18 00:00:00,SDPL/FY25-26/358,1514246.28,1786810.6104000001,1514246.28,1786810.6104000001,1635385.9824,0,0,151424.628,nan,nan,1,1,0,Fully Billed,nan,August,nan,Closed,nan,nan,nan
Powerpuff Girls,WOCOMPANY_039,SDPLDEAL-060,Monthly Contract,Dec,Executed until current month,nan,2025-01-23 00:00:00,Purchase Order,nan,nan,OWNER_001,Mining,LiDAR Survey: LiDAR,NONE,2025-06-16 00:00:00,SDPL/FY25-26/412,3877242.4600000004,4575146.1028,2684244.7800000003,3167408.8404,2141430.8356000003,1192997.6800000002,1407737.2624000001,1025978.0048000001,nan,nan,13,7,6,Billed- Visit 7,nan,nan,nan,Open,nan,nan,nan
Rafiki,WOCOMPANY_048,SDPLDEAL-061,Monthly Contract,June,Executed until current month,nan,2022-09-29 00:00:00,Purchase Order,nan,nan,OWNER_003,Mining,"Topography Survey: RGB, Videography for construction monitoring",NONE,nan,nan,2757435.2,3253773.5360000003,nan,0,nan,2757435.2,3253773.5360000003,0,nan,nan,5000 HA,nan,5000,Fully Billed,nan,nan,nan,Open,nan,nan,nan
Bulbasaur,WOCOMPANY_050,SDPLDEAL-062,Annual Rate Contract,March,Executed until current month,nan,2025-03-25 00:00:00,Purchase Order,2025-02-05 00:00:00,2025-06-20 00:00:00,OWNER_004,Others,Others,SPECTRA + DMO,nan,nan,158699.385788,187265.27522984002,nan,0,nan,158699.385788,187265.27522984002,0,nan,nan,98000 Acres,nan,98000,nan,nan,nan,nan,Open,nan,nan,nan
Alias_160,WOCOMPANY_051,SDPLDEAL-063,Annual Rate Contract,May,Executed until current month,nan,2025-04-01 00:00:00,LOA/LOI,2025-04-01 00:00:00,2026-04-01 00:00:00,OWNER_001,Mining,Mine survey,NONE,nan,nan,1.2332,1.455176,nan,0,nan,1.2332,1.455176,0,nan,49.494,nan,nan,nan,nan,nan,nan,nan,Open,nan,nan,nan
Shanks,WOCOMPANY_012,SDPLDEAL-065,One time Project,nan,Completed,nan,2025-04-12 00:00:00,Purchase Order,2025-04-10 00:00:00,2025-04-16 00:00:00,OWNER_004,Renewables,"Solar Inspection, Thermography",SPECTRA,2025-06-24 00:00:00,SDPL/FY25-26/088,24664,29103.52,24664,29103.52,2467.6332,0,0,26635.8868,Priority,nan,40MW,nan,40,Fully Billed,nan,nan,nan,Closed,nan,nan,nan
Subaru,WOCOMPANY_019,SDPLDEAL-066,One time Project,nan,Completed,nan,2025-04-10 00:00:00,Purchase Order,2025-05-01 00:00:00,2025-06-10 00:00:00,OWNER_001,Mining,Topography Survey: RGB,NONE,2025-06-27 00:00:00,SDPL/FY25-26/095,81555.27726,96235.2271668,81555.27726,96235.2271668,96235.2284,0,0,-0.0012332,nan,456.137,456.090 HA,456.09,0,Fully Billed,nan,July,nan,Closed,nan,nan,nan
Frieza,WOCOMPANY_022,SDPLDEAL-067,One time Project,nan,Completed,nan,2025-04-10 00:00:00,Purchase Order,2025-05-01 00:00:00,2025-06-16 00:00:00,OWNER_001,Mining,Topography Survey: RGB,NONE,2025-08-06 00:00:00,SDPL/FY25-26/386,125169.8,147700.364,116542.02450000001,137519.58891000002,20977.47192,8627.7755,10180.775090000001,116542.11699000001,nan,467.87,700 HA,651.75,48.25,Fully Billed,nan,July,nan,Closed,nan,nan,nan
Subaru,WOCOMPANY_019,SDPLDEAL-068,One time Project,nan,Completed,nan,2025-04-10 00:00:00,Purchase Order,2025-05-01 00:00:00,2025-06-16 00:00:00,OWNER_001,Mining,Topography Survey: RGB,NONE,2025-07-21 00:00:00,SDPL/FY25-26/361,61690.83,72795.17940000001,61690.83,72795.17940000001,72795.796,0,0,-0.6166,nan,353.851,345 HA,345,0,Fully Billed,nan,July,nan,Closed,nan,nan,nan
Subaru,WOCOMPANY_019,SDPLDEAL-069,One time Project,nan,Completed,nan,2025-04-10 00:00:00,Purchase Order,2025-05-01 00:00:00,2025-06-16 00:00:00,OWNER_001,Mining,Topography Survey: RGB,NONE,2025-11-03 00:00:00,SDPL/FY25-26/528,144622.2968,170654.31022400002,144622.2968,170654.31022400002,nan,0,0,170654.31022400002,nan,918.667,808.790 HA,nan,808.79,Fully Billed,nan,November,nan,Closed,nan,nan,nan
Subaru,WOCOMPANY_019,SDPLDEAL-070,One time Project,nan,Completed,nan,2025-04-10 00:00:00,Purchase Order,2025-05-01 00:00:00,2025-06-17 00:00:00,OWNER_001,Mining,Topography Survey: RGB,NONE,2025-07-28 00:00:00,SDPL/FY25-26/375,80098.8064,94516.59155200001,80098.8064,94516.59155200001,73807.6366,0,0,20708.954952000004,nan,447.929,447.950 HA,447.95,0,Fully Billed,nan,July,nan,Closed,nan,nan,nan
Subaru,WOCOMPANY_019,SDPLDEAL-071,One time Project,nan,Completed,nan,2025-04-10 00:00:00,Purchase Order,2025-05-01 00:00:00,2025-06-17 00:00:00,OWNER_001,Mining,Topography Survey: RGB,NONE,2025-07-28 00:00:00,SDPL/FY25-26/376,94747.98920000001,111802.627256,94747.98920000001,111802.627256,92852.5608,0,0,18950.066456,nan,529.845,529.870 HA,529.87,0,Fully Billed,nan,July,nan,Closed,nan,nan,nan
Subaru,WOCOMPANY_019,SDPLDEAL-072,One time Project,nan,Completed,nan,2025-04-10 00:00:00,Purchase Order,2025-05-01 00:00:00,2025-06-17 00:00:00,OWNER_001,Mining,Topography Survey: RGB,NONE,2025-07-28 00:00:00,SDPL/FY25-26/374,234398.02360000001,276589.667848,234398.02360000001,276589.667848,nan,0,0,276589.667848,nan,1310.802,"1,310.850",1310.85,-1309.85,Fully Billed,nan,July,nan,Closed,nan,nan,nan
Tanjiro,WOCOMPANY_051,SDPLDEAL-073,One time Project,nan,Completed,nan,2025-04-28 00:00:00,Purchase Order,2025-05-15 00:00:00,2025-06-15 00:00:00,OWNER_001,Mining,Others,NONE,2025-06-30 00:00:00,SDPL/FY25-26/103,321865.2,379800.93600000005,166482,196448.76,196448.76,155383.2,183352.176,0,nan,nan,145 pillars,75,70,Fully Billed,nan,July,nan,Closed,nan,nan,nan
Frieza,WOCOMPANY_022,SDPLDEAL-074,One time Project,nan,Completed,nan,2025-04-10 00:00:00,Purchase Order,2025-05-01 00:00:00,2025-06-16 00:00:00,OWNER_001,Mining,Topography Survey: RGB,NONE,2025-06-30 00:00:00,SDPL/FY25-26/100,188717.79220400003,222686.99480072001,188717.79220400003,222686.99480072001,222687.5564,0,0,-0.56159928,nan,1055.386,1100 HA,1055.386,44.614,Fully Billed,nan,June,nan,Closed,nan,nan,nan
Yuji Itadori,WOCOMPANY_006,SDPLDEAL-076,One time Project,nan,Completed,nan,2025-04-01 00:00:00,Purchase Order,2025-04-05 00:00:00,2025-04-11 00:00:00,OWNER_003,Renewables,"Hydrology, Topography Survey: RGB",NONE,nan,nan,431620,509311.60000000003,431620,509311.60000000003,509311.60000000003,0,0,0,nan,nan,222 HA,nan,222,nan,nan,nan,nan,nan,nan,nan,BIlled
Winnie the Pooh,WOCOMPANY_042,SDPLDEAL-077,Proof of Concept,nan,Completed,nan,2025-04-18 00:00:00,Email Confirmation,2025-04-30 00:00:00,2025-04-30 00:00:00,OWNER_003,Mining,"Volumetric survey, Others",NONE,nan,nan,0,0,nan,0,nan,0,0,0,nan,nan,152 HA,nan,152,nan,nan,nan,nan,nan,nan,nan,Not Billable
Alias_162,WOCOMPANY_052,SDPLDEAL-078,Proof of Concept,nan,Completed,nan,2025-06-06 00:00:00,Email Confirmation,2025-06-13 00:00:00,2025-06-13 00:00:00,OWNER_003,Mining,Volumetric survey,NONE,nan,nan,0,0,nan,0,nan,0,0,0,nan,nan,nan,nan,nan,nan,nan,nan,nan,nan,nan,nan,Not Billable
Trunks,WOCOMPANY_015,SDPLDEAL-079,Proof of Concept,nan,Completed,nan,2025-07-01 00:00:00,Email Confirmation,2025-04-23 00:00:00,2025-04-23 00:00:00,OWNER_003,Railways,Road/rail survey,NONE,nan,nan,554940,654829.2000000001,nan,0,nan,554940,654829.2000000001,0,nan,nan,nan,nan,nan,nan,nan,nan,nan,nan,nan,nan,Not Billable
Tuxedo Mask,WOCOMPANY_052,SDPLDEAL-080,Annual Rate Contract,Dec,Executed until current month,nan,2025-04-01 00:00:00,Purchase Order,2025-04-01 00:00:00,2028-03-31 00:00:00,OWNER_003,Mining,"Topography Survey: RGB, Volumetric survey",NONE,2025-07-03 00:00:00,SDPL/FY25-26/118,2959680,3492422.4000000004,493282.46640000003,582073.3103520001,nan,2466397.5336,2910349.089648,582073.3103520001,Priority,nan,36 AU,3,33,Billed- Visit 3,nan,nan,nan,Open,nan,nan,nan
Timon,WOCOMPANY_046,SDPLDEAL-081,Proof of Concept,nan,Completed,nan,2025-06-27 00:00:00,Purchase Order,2025-07-01 00:00:00,2025-08-17 00:00:00,OWNER_001,Renewables,"Topography Survey: RGB, Raw images/videography",SPECTRA,2025-11-03 00:00:00,nan,277470,327414.60000000003,277470,327414.60000000003,nan,0,0,327414.60000000003,nan,nan,45days,nan,45,Fully Billed,nan,Dec,nan,Closed,nan,nan,nan
Timon,WOCOMPANY_046,SDPLDEAL-082,Proof of Concept,nan,Pause / struck,nan,2025-06-19 00:00:00,Purchase Order,2025-07-01 00:00:00,2025-08-17 00:00:00,OWNER_001,Renewables,"Topography Survey: RGB, Raw images/videography, Others",SPECTRA,2025-11-03 00:00:00,nan,277470,327414.60000000003,277470,327414.60000000003,nan,0,0,327414.60000000003,nan,nan,45 days,nan,45,Fully Billed,nan,nan,nan,Closed,nan,nan,nan
Subaru,WOCOMPANY_019,SDPLDEAL-083,One time Project,nan,Completed,nan,2025-04-10 00:00:00,Purchase Order,2025-05-01 00:00:00,2025-06-25 00:00:00,OWNER_001,Mining,Topography Survey: RGB,NONE,2025-07-02 00:00:00,SDPL/FY25-26/114,143051.2,168800.416,130176.592,153608.37856,26035.3184,12874.608,15192.037440000002,127573.06016000001,nan,726.976,800,nan,800,Fully Billed,nan,July,nan,Closed,nan,nan,nan
Tuxedo Mask,WOCOMPANY_041,SDPLDEAL-084,One time Project,nan,Completed,nan,2025-06-21 00:00:00,Purchase Order,2025-07-01 00:00:00,2025-07-10 00:00:00,OWNER_003,Renewables,Others,NONE,2025-07-04 00:00:00,SDPL/FY25-26/120,215810,254655.80000000002,215810,254655.80000000002,nan,0,0,254655.80000000002,Priority,nan,1,1,0,Fully Billed,nan,nan,nan,Closed,nan,nan,nan
Luffy,WOCOMPANY_032,SDPLDEAL-085,One time Project,nan,Completed,nan,2025-06-21 00:00:00,LOA/LOI,2025-06-01 00:00:00,2025-06-30 00:00:00,OWNER_003,Renewables,Thermography,NONE,nan,nan,nan,0,nan,0,nan,0,0,0,nan,nan,1,nan,1,nan,nan,nan,nan,Open,nan,nan,Update Required
Alias_162,WOCOMPANY_052,SDPLDEAL-086,Annual Rate Contract,nan,Completed,nan,2024-07-22 00:00:00,Purchase Order,2024-07-30 00:00:00,2025-07-30 00:00:00,OWNER_001,Mining,Volumetric survey,NONE,nan,nan,710616.20832,838527.1258175999,710616.20832,838527.1258175999,767463.522,0,0,71063.60381759988,Priority,nan,8 units,nan,8,Fully Billed,nan,nan,nan,Closed,nan,nan,nan
Alias_162,WOCOMPANY_052,SDPLDEAL-087,Annual Rate Contract,Dec,Executed until current month,nan,2025-08-08 00:00:00,Purchase Order,2025-04-01 00:00:00,2026-03-31 00:00:00,OWNER_001,Mining,Volumetric survey,NONE,2025-12-09 00:00:00,SDPL/FY25-26/572,1065928.752,1257795.92736,838526.672,989461.4729599999,618232.7568000001,227402.08000000002,268334.4544,371228.71615999984,nan,nan,12 months,nan,12,Fully Billed,nan,nan,nan,nan,nan,nan,nan
Mojo Jojo,WOCOMPANY_036,SDPLDEAL-088,One time Project,nan,Completed,nan,2025-04-26 00:00:00,Purchase Order,2025-04-28 00:00:00,2025-08-15 00:00:00,OWNER_001,Mining,Topography Survey: RGB,SPECTRA,2025-09-03 00:00:00,SDPL/FY25-26/419,154150,181897,154150,181897,166482,0,0,15415.000000000002,nan,nan,200 Acres,nan,200,Fully Billed,nan,September,nan,Closed,nan,nan,nan
Obito,WOCOMPANY_023,SDPLDEAL-089,Annual Rate Contract,nan,Completed,nan,2025-07-09 00:00:00,LOA/LOI,2025-06-21 00:00:00,2026-06-20 00:00:00,OWNER_003,Mining,Others,NONE,nan,nan,0,0,nan,0,nan,0,0,0,nan,nan,1,nan,1,nan,nan,nan,nan,nan,nan,nan,Not Billable
Mojo Jojo,WOCOMPANY_036,SDPLDEAL-090,One time Project,nan,Completed,nan,2025-04-15 00:00:00,Purchase Order,2025-05-12 00:00:00,2025-06-20 00:00:00,OWNER_001,Mining,Topography Survey: RGB,SPECTRA,2025-08-06 00:00:00,SDPL/FY25-26/387,223971.3176,264286.154768,223971.3176,264286.154768,264287.092,0,0,-0.9372320000000001,nan,609.44,660.43HA,660.43,0,Fully Billed,nan,August,nan,Closed,nan,nan,nan
Rafiki,WOCOMPANY_048,SDPLDEAL-091,Proof of Concept,nan,Completed,nan,2025-07-08 00:00:00,Email Confirmation,2025-06-11 00:00:00,2025-06-19 00:00:00,OWNER_003,Mining,Thermography,NONE,nan,nan,0,0,nan,0,nan,0,0,0,nan,nan,3 Rooftops,nan,3,nan,nan,nan,nan,nan,nan,nan,Not Billable
Alias_160,WOCOMPANY_051,SDPLDEAL-092,One time Project,nan,Completed,nan,2025-04-10 00:00:00,Purchase Order,2025-05-01 00:00:00,2025-06-25 00:00:00,OWNER_001,Mining,Topography Survey: RGB,NONE,2025-08-06 00:00:00,SDPL/FY25-26/390,357628,422001.04000000004,321686.386,379589.93548000004,347420.61861999996,35941.614,42411.10452,32169.316860000003,nan,2173.17,2000,nan,2000,Fully Billed,nan,August,nan,Closed,nan,nan,nan
Obito,WOCOMPANY_023,SDPLDEAL-093,One time Project,nan,Completed,nan,2025-07-15 00:00:00,LOA/LOI,2025-07-21 00:00:00,2025-07-25 00:00:00,OWNER_003,Mining,Others,NONE,nan,nan,76458.40000000001,90220.91200000001,nan,0,nan,76458.40000000001,90220.91200000001,0,nan,nan,1,nan,1,nan,nan,nan,nan,nan,nan,nan,Update Required
GG go,WOCOMPANY_035,SDPLDEAL-094,One time Project,nan,Completed,nan,2025-07-10 00:00:00,Purchase Order,2025-07-15 00:00:00,2025-07-31 00:00:00,OWNER_003,Renewables,Hydrology,NONE,nan,nan,749785.6000000001,884747.008,nan,0,nan,749785.6000000001,884747.008,0,nan,nan,1415 Acres,nan,1415,nan,nan,nan,nan,nan,nan,nan,Update Required
Subaru,WOCOMPANY_019,SDPLDEAL-095,One time Project,nan,Completed,nan,2025-07-17 00:00:00,Purchase Order,2025-05-01 00:00:00,2025-05-30 00:00:00,OWNER_001,Mining,Topography Survey: RGB,NONE,2025-07-28 00:00:00,SDPL/FY25-26/373,155665.60280000002,183685.411304,155665.60280000002,183685.411304,3115.0632,0,0,180570.348104,nan,813.635,870.45 HA,nan,870.45,Fully Billed,nan,July,nan,Closed,nan,nan,nan
Alphonse,WOCOMPANY_009,SDPLDEAL-096,One time Project,nan,Completed,nan,2025-07-16 00:00:00,Purchase Order,2025-07-14 00:00:00,2025-07-28 00:00:00,OWNER_001,Renewables,Topography Survey: RGB,NONE,2025-08-20 00:00:00,SDPL/FY25-26/413,986560.0000000001,1164140.8,986560.0000000001,1164140.8,nan,0,0,1164140.8,nan,nan,4 Sites,nan,4,Fully Billed,nan,September,nan,Closed,nan,nan,nan
Alias_160,WOCOMPANY_051,SDPLDEAL-097,One time Project,nan,Completed,nan,2025-04-10 00:00:00,nan,2025-05-01 00:00:00,2025-05-31 00:00:00,OWNER_001,Mining,Topography Survey: RGB,SPECTRA,2025-07-25 00:00:00,SDPL/FY25-26/370,84190.564,99344.86552,79060.452,93291.33336,85383.906976,5130.112,6053.532160000001,7907.426384,nan,442.14,446 HA,nan,446,Fully Billed,nan,July,nan,Closed,nan,nan,nan
Erwin,WOCOMPANY_021,SDPLDEAL-098,One time Project,nan,Completed,nan,2025-05-22 00:00:00,Purchase Order,2025-05-26 00:00:00,2025-06-25 00:00:00,OWNER_001,Mining,Topography Survey: RGB,SPECTRA,2025-08-20 00:00:00,SDPL/FY25-26/405,319811.922,377378.06796,319811.922,377378.06796,nan,0,0,377378.06796,nan,nan,960.5 HA,nan,960.5,Fully Billed,nan,August,nan,Closed,nan,nan,nan
Goku,WOCOMPANY_003,SDPLDEAL-099,One time Project,nan,Ongoing,nan,2025-07-23 00:00:00,Purchase Order,2025-07-28 00:00:00,2025-09-30 00:00:00,OWNER_003,Railways,"LiDAR Survey: LiDAR, Road/rail survey",NONE,2025-09-01 00:00:00,SDPL/FY25-26/424,14391444,16981903.92,246640.00000000003,291035.2,291035.2,14144804,16690868.72,0,nan,nan,778,nan,778,nan,nan,nan,nan,nan,nan,nan,Partially Billed
Erwin,WOCOMPANY_021,SDPLDEAL-100,Annual Rate Contract,nan,Completed,nan,2025-05-28 00:00:00,Purchase Order,2025-07-01 00:00:00,2025-07-15 00:00:00,OWNER_001,Mining,Volumetric survey,SPECTRA,2025-08-20 00:00:00,SDPL/FY25-26/406,791874.716,934412.1648799999,594265.416144,701233.19104992,nan,197609.299856,233178.97383008,701233.19104992,nan,nan,2379.7 HA,nan,2379.7,Fully Billed,nan,Dec,nan,Open,nan,nan,nan
Nami,WOCOMPANY_002,SDPLDEAL-102,One time Project,nan,Completed,nan,2025-08-02 00:00:00,Purchase Order,2025-08-04 00:00:00,2025-08-09 00:00:00,OWNER_003,Mining,Raw images/videography,NONE,nan,nan,64373.04,75960.1872,nan,0,nan,64373.04,75960.1872,0,nan,nan,1,nan,1,nan,nan,nan,nan,nan,nan,nan,Update Required
Ben Tennyson,WOCOMPANY_033,SDPLDEAL-103,One time Project,nan,Completed,nan,2025-08-01 00:00:00,Purchase Order,2025-07-01 00:00:00,2025-07-31 00:00:00,OWNER_003,Renewables,"Hydrology, Topography Survey: RGB",NONE,nan,nan,487114.00000000006,574794.52,nan,0,nan,487114.00000000006,574794.52,0,nan,nan,1,nan,1,nan,nan,nan,nan,nan,nan,nan,Update Required
Subaru,WOCOMPANY_019,SDPLDEAL-105,One time Project,nan,Completed,nan,2025-08-06 00:00:00,Purchase Order,2025-05-01 00:00:00,2025-05-29 00:00:00,OWNER_001,Mining,Topography Survey: RGB,SPECTRA,2025-08-06 00:00:00,2025-08-06,20563.61,24265.059800000003,20251.6104,23896.900272,23896.9496,311.99960000000004,368.159528,-0.049328000000000004,nan,nan,115HA,nan,115,Fully Billed,nan,August,nan,Closed,nan,nan,nan
Yuji Itadori,WOCOMPANY_006,SDPLDEAL-106,One time Project,nan,Completed,nan,2025-08-08 00:00:00,Purchase Order,2025-08-08 00:00:00,2025-08-20 00:00:00,OWNER_003,Renewables,"Hydrology, Topography Survey: RGB",NONE,2025-09-12 00:00:00,SDPL/FY25-26/442,339130,400173.4,339130,400173.4,400173.4,0,0,0,nan,nan,1,nan,1,Fully Billed,nan,nan,nan,nan,nan,nan,nan
Alphonse,WOCOMPANY_009,SDPLDEAL-108,One time Project,nan,Completed,nan,2025-08-18 00:00:00,Purchase Order,2025-08-14 00:00:00,2025-08-30 00:00:00,OWNER_001,Renewables,"Topography Survey: RGB, Hydrology",SPECTRA,2025-09-24 00:00:00,SDPL/FY25-26/476,477247.795732,563152.39896376,477247.795732,563152.39896376,563151.8788000001,0,0,0.5201637600000001,nan,nan,537 Acres,nan,537,Fully Billed,nan,November,nan,Closed,nan,nan,nan
Rafiki,WOCOMPANY_048,SDPLDEAL-109,Annual Rate Contract,nan,Ongoing,nan,2025-08-11 00:00:00,Purchase Order,2025-09-01 00:00:00,2027-08-31 00:00:00,OWNER_003,Renewables,"Topography Survey: RGB, Thermography",NONE,nan,nan,616600,727588,nan,0,nan,616600,727588,0,nan,nan,1,nan,1,nan,nan,nan,nan,nan,nan,nan,Update Required
Alias_162,WOCOMPANY_052,SDPLDEAL-111,nan,nan,nan,nan,2024-11-22 00:00:00,nan,nan,nan,nan,Mining,Others,DMO,nan,nan,863240,1018623.2000000001,739920,873105.6000000001,864473.2000000001,123320.00000000001,145517.6,8632.4,nan,nan,nan,nan,nan,nan,nan,nan,nan,nan,nan,nan,nan
Ben Tennyson,WOCOMPANY_034,SDPLDEAL-112,nan,nan,Completed,nan,2024-05-16 00:00:00,nan,nan,nan,nan,Renewables,"Topography Survey: RGB, Hydrology",nan,nan,nan,215810,254655.80000000002,215810,254655.80000000002,254655.80000000002,0,0,0,nan,nan,nan,nan,nan,nan,nan,nan,nan,nan,nan,nan,nan
Alphonse,WOCOMPANY_009,SDPLDEAL-113,nan,nan,nan,nan,2024-12-20 00:00:00,nan,nan,nan,OWNER_001,Renewables,"Topography Survey: RGB, Hydrology",nan,nan,nan,607351,716674.18,607351,716674.18,716674.18,0,0,0,nan,nan,nan,nan,nan,nan,nan,nan,nan,nan,nan,nan,nan
Yuji Itadori,WOCOMPANY_006,SDPLDEAL-115,nan,nan,Completed,nan,2025-03-24 00:00:00,nan,nan,nan,nan,Renewables,Hydrology,nan,nan,nan,616600,727588,616600,727588,727588,0,0,0,nan,nan,nan,nan,nan,Fully Billed,nan,nan,nan,nan,nan,nan,nan
Ace,WOCOMPANY_013,SDPLDEAL-116,nan,nan,Completed,nan,2025-03-05 00:00:00,nan,nan,nan,nan,Others,Topography Survey: RGB,nan,nan,nan,176347.6,208090.168,176347.6,208090.168,nan,0,0,208090.168,nan,nan,nan,nan,nan,Fully Billed,nan,nan,nan,nan,nan,nan,nan
Shanks,WOCOMPANY_012,SDPLDEAL-117,nan,nan,Completed,nan,2025-03-31 00:00:00,nan,nan,nan,nan,Renewables,Thermography,nan,nan,nan,221636.87000000002,261531.50660000002,221636.87000000002,261531.50660000002,nan,0,0,261531.50660000002,nan,nan,nan,nan,nan,Fully Billed,nan,nan,nan,nan,nan,nan,nan
Bulbasaur,WOCOMPANY_050,SDPLDEAL-118,nan,nan,Completed,nan,2025-03-25 00:00:00,nan,nan,nan,nan,Renewables,Topography Survey: RGB,nan,nan,nan,308300,363794,308300,363794,nan,0,0,363794,nan,nan,nan,nan,nan,Fully Billed,nan,nan,nan,nan,nan,nan,nan
Sesshomaru,WOCOMPANY_017,SDPLDEAL-119,nan,nan,Completed,nan,2024-12-03 00:00:00,nan,nan,nan,nan,Renewables,"Hydrology, Topography Survey: RGB",nan,2025-04-16 00:00:00,SDPL/FY25-26/002,446418.4,526773.712,446418.4,526773.712,526773.712,0,0,0,nan,nan,nan,nan,nan,Fully Billed,nan,nan,nan,Closed,nan,nan,nan
Mr. Krabs,WOCOMPANY_031,SDPLDEAL-120,nan,nan,Completed,nan,2025-01-21 00:00:00,nan,nan,nan,nan,Mining,Volumetric survey,nan,2025-06-20 00:00:00,SDPL/FY25-26/083,554940,654829.2000000001,554940,654829.2000000001,588236.4,0,0,66592.8,nan,nan,nan,nan,nan,Fully Billed,nan,nan,nan,Closed,nan,nan,nan
Pumbaa,WOCOMPANY_047,SDPLDEAL-121,Annual Rate Contract,nan,Ongoing,nan,2025-09-02 00:00:00,LOA/LOI,2025-09-02 00:00:00,2026-09-02 00:00:00,OWNER_004,Renewables,Thermography,SPECTRA,nan,nan,5224698.44,6165144.159200001,2330748,2750282.64,nan,2893950.44,3414861.5192,2750282.64,nan,nan,Rate based on MW slabs,nan,nan,Partially Billed,nan,nan,nan,Open,nan,nan,Partially Billed
Stitch,WOCOMPANY_044,SDPLDEAL-122,nan,nan,Completed,nan,2025-04-01 00:00:00,nan,nan,nan,nan,Renewables,Flood Risk,nan,2025-04-29 00:00:00,SDPL/FY25-26/009,431620,509311.60000000003,431620,509311.60000000003,509311.60000000003,0,0,0,nan,nan,nan,nan,nan,Fully Billed,nan,nan,nan,Closed,nan,nan,nan
Sasuke,WOCOMPANY_002,SDPLDEAL-123,nan,nan,Completed,nan,2024-12-25 00:00:00,nan,nan,nan,nan,Mining,LiDAR Survey: LiDAR,nan,nan,nan,371193.2,438007.976,371193.2,438007.976,nan,0,0,438007.976,nan,nan,nan,nan,nan,Fully Billed,nan,nan,nan,Closed,nan,nan,nan
Alphonse,WOCOMPANY_009,SDPLDEAL-124,nan,nan,nan,nan,2025-07-24 00:00:00,nan,nan,nan,nan,Renewables,Others,nan,2025-07-31 00:00:00,SDPL/FY25-26/378,24664,29103.52,24664,29103.52,nan,0,0,29103.52,nan,nan,nan,nan,nan,Fully Billed,nan,nan,nan,Closed,nan,nan,nan
Timon,WOCOMPANY_046,SDPLDEAL-125,Proof of Concept,nan,Completed,nan,2025-09-08 00:00:00,Purchase Order,2025-09-11 00:00:00,2025-10-26 00:00:00,OWNER_001,Renewables,Others,SPECTRA,nan,nan,277470,327414.60000000003,277470,327414.60000000003,nan,0,0,327414.60000000003,nan,nan,45days,nan,45,Fully Billed,nan,Dec,nan,nan,nan,nan,nan
Gohan,WOCOMPANY_026,SDPLDEAL-126,One time Project,nan,Completed,nan,2025-09-10 00:00:00,Purchase Order,2025-08-01 00:00:00,2025-09-05 00:00:00,OWNER_001,Construction,Topography Survey: RGB,NONE,2025-09-15 00:00:00,SDPL/FY25-26/448,788298.4360000001,930192.1544799999,788298.4360000001,930192.1544799999,914425.1992,0,0,15766.955279999876,nan,nan,1,nan,1,Fully Billed,nan,October,nan,Closed,nan,nan,nan
Kaguya,WOCOMPANY_014,SDPLDEAL-127,One time Project,nan,Completed,nan,2025-09-12 00:00:00,Purchase Order,2025-09-15 00:00:00,2025-10-31 00:00:00,OWNER_003,Railways,Others,NONE,nan,nan,5061052.800000001,5972042.3040000005,nan,0,nan,5061052.800000001,5972042.3040000005,0,nan,nan,304 RKM,nan,304,nan,nan,nan,nan,nan,nan,nan,nan
Bugs Bunny,WOCOMPANY_028,SDPLDEAL-128,One time Project,nan,Ongoing,nan,2025-09-12 00:00:00,Purchase Order,2025-09-15 00:00:00,2025-10-31 00:00:00,OWNER_003,Railways,Others,NONE,nan,nan,8789158.711280001,10371207.279310402,nan,0,nan,8789158.711280001,10371207.279310402,0,nan,nan,580 RKM,nan,580,nan,nan,nan,nan,nan,nan,nan,nan
Armin,WOCOMPANY_020,SDPLDEAL-129,Annual Rate Contract,nan,Completed,2025-09-20 00:00:00,2025-09-10 00:00:00,Purchase Order,2025-07-24 00:00:00,2025-12-31 00:00:00,OWNER_001,Mining,Topography Survey: RGB,SPECTRA,nan,nan,218478.6448,257804.800864,145653.49864,171871.1283952,nan,72825.14616,85933.6724688,171871.1283952,nan,nan,3 Quarter (Till Dec),nan,3,Fully Billed,nan,October,nan,Closed,nan,nan,nan
Armin,WOCOMPANY_020,SDPLDEAL-130,Annual Rate Contract,nan,Completed,2025-09-20 00:00:00,2025-09-11 00:00:00,Purchase Order,2025-07-24 00:00:00,2025-12-31 00:00:00,OWNER_001,Mining,Topography Survey: RGB,SPECTRA,nan,nan,484453.98760000005,571655.705368,322971.035104,381105.82142272,nan,161482.952496,190549.88394528002,381105.82142272,nan,nan,3 Quarter (till December 2025),nan,3,Fully Billed,nan,Dec,nan,Closed,nan,nan,nan
Sakura,WOCOMPANY_002,SDPLDEAL-131,One time Project,nan,Pause / struck,nan,2025-09-17 00:00:00,Purchase Order,2025-09-15 00:00:00,2025-10-15 00:00:00,OWNER_003,Mining,LiDAR Survey: LiDAR,NONE,nan,nan,1224740.2480000001,1445193.49264,nan,0,nan,1224740.2480000001,1445193.49264,0,nan,nan,1,nan,1,nan,nan,nan,nan,nan,nan,nan,Stuck
Sakura,WOCOMPANY_002,SDPLDEAL-132,One time Project,nan,Pause / struck,nan,2025-09-17 00:00:00,Purchase Order,2025-09-15 00:00:00,2025-10-15 00:00:00,OWNER_003,Mining,LiDAR Survey: LiDAR,NONE,nan,nan,1219634.8,1439169.064,nan,0,nan,1219634.8,1439169.064,0,nan,nan,1,nan,1,nan,nan,nan,nan,nan,nan,nan,Stuck
Gojo,WOCOMPANY_005,SDPLDEAL-134,One time Project,nan,Completed,nan,2025-09-20 00:00:00,Purchase Order,2025-09-27 00:00:00,2025-10-15 00:00:00,OWNER_001,Mining,"Topography Survey: RGB, Mine survey",NONE,nan,SDPL/FY25-26/558,192009.24000000002,226570.9032,58823.64000000001,69411.8952,nan,133185.6,157159.008,69411.8952,nan,nan,865,nan,865,Partially Billed,nan,nan,nan,Open,nan,nan,nan
Faye Valentine,WOCOMPANY_010,SDPLDEAL-133,One time Project,nan,Completed,nan,2024-07-19 00:00:00,Purchase Order,2025-09-11 00:00:00,2025-09-19 00:00:00,OWNER_003,Renewables,Solar Inspection,NONE,nan,nan,57487090.490128,67834766.77835104,57487090.490128,67834766.77835104,57487090.490128,0,0,10347676.288223037,nan,nan,nan,nan,nan,Fully Billed,nan,nan,nan,nan,nan,nan,BIlled
Alias_160,WOCOMPANY_051,SDPLDEAL-135,One time Project,nan,Completed,nan,2025-07-25 00:00:00,Purchase Order,2025-05-01 00:00:00,2025-05-27 00:00:00,OWNER_001,Mining,"Mine survey, Topography Survey: RGB",SPECTRA,2025-10-07 00:00:00,SDPL/FY25-26/484,89407,105500.26000000001,89407,105500.26000000001,104886.61968,0,0,613.6403200000001,nan,nan,500,nan,500,Fully Billed,nan,October,nan,Closed,nan,nan,nan
Scooby-Doo,WOCOMPANY_002,SDPLDEAL-136,One time Project,nan,Ongoing,nan,2025-09-27 00:00:00,Purchase Order,2025-09-29 00:00:00,2025-10-10 00:00:00,OWNER_003,Mining,Others,NONE,nan,nan,143051.2,168800.416,nan,0,nan,143051.2,168800.416,0,nan,nan,1,nan,1,nan,nan,nan,nan,nan,nan,nan,nan
Scooby-Doo,WOCOMPANY_002,SDPLDEAL-137,One time Project,nan,Ongoing,nan,2025-09-27 00:00:00,Purchase Order,2025-09-29 00:00:00,2025-10-30 00:00:00,OWNER_003,Mining,Others,NONE,nan,nan,143051.2,168800.416,nan,0,nan,143051.2,168800.416,0,nan,nan,1,nan,1,nan,nan,nan,nan,nan,nan,nan,nan
Alias_160,WOCOMPANY_051,SDPLDEAL-138,One time Project,nan,Pause / struck,nan,2025-09-19 00:00:00,Purchase Order,2025-10-06 00:00:00,2025-10-30 00:00:00,OWNER_001,Mining,Topography Survey: RGB,SPECTRA,nan,nan,261901.71324000004,309044.02162320004,nan,0,nan,261901.71324000004,309044.02162320004,0,nan,nan,1464.66 HA,nan,1464.66,Not billed yet,nan,nan,nan,nan,nan,nan,nan
Scooby-Doo,WOCOMPANY_002,SDPLDEAL-139,One time Project,nan,Ongoing,nan,2025-10-03 00:00:00,Purchase Order,2025-09-20 00:00:00,2025-10-20 00:00:00,OWNER_003,Mining,LiDAR Survey: LiDAR,NONE,nan,nan,699730.012,825681.4141599999,nan,0,nan,699730.012,825681.4141599999,0,nan,nan,1,nan,1,nan,nan,nan,nan,nan,nan,nan,nan
Trunks,WOCOMPANY_015,SDPLDEAL-140,One time Project,nan,Ongoing,nan,2025-10-08 00:00:00,Purchase Order,2025-09-29 00:00:00,2025-10-31 00:00:00,OWNER_003,Railways,LiDAR Survey: LiDAR,NONE,nan,nan,3237150,3819837,nan,0,nan,3237150,3819837,0,nan,nan,350 KM,nan,350,nan,nan,nan,nan,nan,nan,nan,nan
Scooby-Doo,WOCOMPANY_002,SDPLDEAL-141,One time Project,nan,Not Started,nan,2025-10-09 00:00:00,Purchase Order,2025-09-30 00:00:00,2025-10-30 00:00:00,OWNER_003,Mining,LiDAR Survey: LiDAR,NONE,nan,nan,383192.23600000003,452166.83848000003,nan,0,nan,383192.23600000003,452166.83848000003,0,nan,nan,1,nan,1,nan,nan,nan,nan,nan,nan,nan,nan
Inuyasha,WOCOMPANY_016,SDPLDEAL-142,One time Project,nan,Completed,2026-01-08 00:00:00,2025-10-14 00:00:00,Purchase Order,2025-10-17 00:00:00,2025-11-10 00:00:00,OWNER_003,Renewables,"Topography Survey: RGB, Hydrology, Flood Risk",NONE,nan,nan,419288,494759.84,nan,0,nan,419288,494759.84,0,nan,nan,1,nan,1,Stuck,nan,nan,nan,nan,nan,nan,nan
Patrick Star,WOCOMPANY_030,SDPLDEAL-143,One time Project,nan,Completed,2025-11-05 00:00:00,2025-10-16 00:00:00,Purchase Order,2025-10-08 00:00:00,2025-10-16 00:00:00,OWNER_001,Others,Hydrology,NONE,nan,nan,246640.00000000003,291035.2,246640.00000000003,291035.2,nan,0,0,291035.2,nan,nan,10 ha,nan,10,Fully Billed,nan,Dec,nan,nan,nan,nan,nan
Kaguya,WOCOMPANY_014,SDPLDEAL-144,One time Project,nan,Ongoing,nan,2025-10-27 00:00:00,Purchase Order,2025-11-03 00:00:00,2025-12-01 00:00:00,OWNER_003,Railways,"Road/rail survey, LiDAR Survey: LiDAR",NONE,nan,nan,4628199.600000001,5461275.528,nan,0,nan,4628199.600000001,5461275.528,0,nan,nan,278,nan,278,nan,nan,nan,nan,nan,nan,nan,nan
Sakura,WOCOMPANY_002,SDPLDEAL-145,One time Project,nan,Not Started,nan,2025-10-27 00:00:00,Purchase Order,2025-10-27 00:00:00,2025-11-03 00:00:00,OWNER_003,Mining,Raw images/videography,NONE,nan,nan,64373.04,75960.1872,nan,0,nan,64373.04,75960.1872,0,nan,nan,1,nan,1,nan,nan,nan,nan,nan,nan,nan,nan
Scooby-Doo,WOCOMPANY_002,SDPLDEAL-146,One time Project,nan,Ongoing,nan,2025-10-27 00:00:00,Purchase Order,2025-10-27 00:00:00,2025-11-03 00:00:00,OWNER_003,Mining,"LiDAR Survey: LiDAR, Mine survey",NONE,nan,nan,679308.2200000001,801583.6996,nan,0,nan,679308.2200000001,801583.6996,0,nan,nan,1,nan,1,nan,nan,nan,nan,nan,nan,nan,nan
Katara,WOCOMPANY_037,SDPLDEAL-147,One time Project,nan,Partial Completed,2025-12-18 00:00:00,2025-10-28 00:00:00,Purchase Order,2025-11-03 00:00:00,2025-11-11 00:00:00,OWNER_003,Railways,"LiDAR Survey: LiDAR, Road/rail survey, Others",NONE,nan,nan,1850391.9360000002,2183462.48448,nan,0,nan,1850391.9360000002,2183462.48448,0,nan,nan,NA . Verbal confirmation for 59 km,nan,nan,nan,nan,nan,nan,nan,nan,nan,Stuck
Sakura,WOCOMPANY_002,SDPLDEAL-149,Monthly Contract,nan,Ongoing,nan,2025-10-30 00:00:00,Purchase Order,2025-11-01 00:00:00,2026-04-01 00:00:00,OWNER_003,Renewables,Others,SPECTRA,nan,nan,6011850,7093983,nan,0,nan,6011850,7093983,0,nan,nan,"4,875,000.000",nan,4,nan,nan,nan,nan,nan,nan,nan,nan
Dolphin,WOCOMPANY_029,SDPLDEAL-150,One time Project,nan,Ongoing,nan,2025-08-12 00:00:00,LOA/LOI,2025-08-20 00:00:00,2025-12-16 00:00:00,OWNER_002,Powerline,LiDAR Survey: LiDAR,NONE,nan,nan,5026523.2,5931297.376,nan,0,nan,5026523.2,5931297.376,0,nan,nan,1250 towers,nan,1250,nan,nan,nan,nan,nan,nan,nan,nan
Yuji Itadori,WOCOMPANY_006,SDPLDEAL-151,One time Project,nan,Completed,2025-12-17 00:00:00,2025-11-06 00:00:00,Purchase Order,2025-11-10 00:00:00,2025-12-01 00:00:00,OWNER_003,Renewables,"Hydrology, Topography Survey: RGB",NONE,nan,SDPL/FY25-26/442,339130,400173.4,339130,400173.4,400173.4,0,0,0,nan,nan,1,nan,1,nan,nan,nan,nan,nan,nan,nan,Update Required
Ben Tennyson,WOCOMPANY_033,SDPLDEAL-152,One time Project,nan,Completed,2026-01-09 00:00:00,2025-11-04 00:00:00,Email Confirmation,2025-11-07 00:00:00,2025-11-28 00:00:00,OWNER_003,Renewables,"Topography Survey: RGB, Hydrology",NONE,nan,nan,295968,349242.24000000005,nan,0,nan,295968,349242.24000000005,0,nan,nan,1,nan,1,nan,nan,nan,nan,nan,nan,nan,Update Required
Megumi,WOCOMPANY_007,SDPLDEAL-153,One time Project,nan,Completed,nan,2025-04-01 00:00:00,Purchase Order,2025-04-01 00:00:00,2025-04-10 00:00:00,OWNER_003,Renewables,Others,NONE,2025-03-31 00:00:00,SDPL/FY24-25/577,365779.45200000005,431619.75336000003,365779.45200000005,431619.75336000003,431620,0,0,-0.24664000000000003,nan,nan,1,nan,1,Fully Billed,nan,nan,nan,Closed,nan,nan,nan
Donkey,WOCOMPANY_040,SDPLDEAL-154,One time Project,nan,Ongoing,nan,2025-11-10 00:00:00,Purchase Order,2025-11-13 00:00:00,2025-12-31 00:00:00,OWNER_003,Railways,"LiDAR Survey: LiDAR, Road/rail survey, Raw images/videography",NONE,nan,nan,1346654.4000000001,1589052.192,nan,0,nan,1346654.4000000001,1589052.192,0,nan,nan,104 km,nan,104,nan,nan,nan,nan,nan,nan,nan,nan
Donkey,WOCOMPANY_040,SDPLDEAL-155,One time Project,nan,Ongoing,nan,2025-11-12 00:00:00,Purchase Order,2025-11-13 00:00:00,2026-01-31 00:00:00,OWNER_003,Railways,"LiDAR Survey: LiDAR, Road/rail survey",NONE,nan,nan,9089917.200000001,10726102.296,nan,0,nan,9089917.200000001,10726102.296,0,nan,nan,702,nan,702,nan,nan,nan,nan,nan,nan,nan,nan
Golden fish,WOCOMPANY_027,SDPLDEAL-156,Proof of Concept,nan,Not Started,nan,2025-10-16 00:00:00,LOA/LOI,2025-12-01 00:00:00,2025-12-31 00:00:00,OWNER_006,Mining,"LiDAR Survey: LiDAR, Volumetric survey",SPECTRA,nan,nan,0,0,nan,0,nan,0,0,0,nan,nan,0,nan,0,nan,nan,nan,nan,Open,nan,nan,Not Billable
Alphonse,WOCOMPANY_009,SDPLDEAL-157,One time Project,nan,nan,nan,2025-11-14 00:00:00,Purchase Order,2025-11-14 00:00:00,2025-11-14 00:00:00,OWNER_005,Renewables,Others,SPECTRA,2025-11-19 00:00:00,SDPL/FY25-26/549,277470,327414.60000000003,277470,327414.60000000003,321865.2,0,0,5549.400000000001,nan,nan,3 subscriptions,nan,3,Partially Billed,nan,nan,nan,nan,nan,nan,nan
Alphonse,WOCOMPANY_009,SDPLDEAL-158,One time Project,nan,Completed,2025-11-01 00:00:00,2025-10-23 00:00:00,Purchase Order,2025-10-16 00:00:00,2025-10-31 00:00:00,OWNER_001,Renewables,"Hydrology, Topography Survey: RGB",NONE,2025-11-21 00:00:00,SDPL/FY25-26/554,477248.4,563153.1120000001,477248.4,563153.1120000001,515428.27200000006,0,0,47724.840000000004,nan,nan,220HA,nan,220,Fully Billed,nan,November,nan,Closed,nan,nan,nan
Timon,WOCOMPANY_046,SDPLDEAL-159,One time Project,nan,Completed,2025-12-05 00:00:00,2025-11-08 00:00:00,Purchase Order,2025-11-03 00:00:00,2025-12-20 00:00:00,OWNER_001,Renewables,Others,SPECTRA,nan,nan,277470,327414.60000000003,277470,327414.60000000003,nan,0,0,327414.60000000003,nan,nan,45days,nan,45,Fully Billed,nan,Dec,nan,nan,nan,nan,nan
Timon,WOCOMPANY_046,SDPLDEAL-160,One time Project,nan,Completed,2025-12-04 00:00:00,2025-11-08 00:00:00,Purchase Order,2025-11-03 00:00:00,2025-12-20 00:00:00,OWNER_001,Renewables,"Powerline Inspection, Videography for construction monitoring, Others",SPECTRA,nan,nan,277470,327414.60000000003,277470,327414.60000000003,nan,0,0,327414.60000000003,nan,nan,45 days,nan,45,Not billed yet,nan,nan,nan,nan,nan,nan,nan
Scooby-Doo,WOCOMPANY_002,SDPLDEAL-161,One time Project,nan,Completed,2026-01-08 00:00:00,2025-11-21 00:00:00,Purchase Order,2025-11-20 00:00:00,2025-11-30 00:00:00,OWNER_003,Mining,LiDAR Survey: LiDAR,NONE,nan,nan,304452.416,359253.85088000004,nan,0,nan,304452.416,359253.85088000004,0,nan,nan,1,nan,1,nan,nan,nan,nan,nan,nan,nan,Update Required
Whis,WOCOMPANY_025,SDPLDEAL-162,One time Project,nan,Partial Completed,2026-01-09 00:00:00,2025-12-01 00:00:00,Purchase Order,2025-12-01 00:00:00,2025-12-31 00:00:00,OWNER_003,Railways,LiDAR Survey: LiDAR,NONE,nan,nan,924900,1091382,nan,0,nan,924900,1091382,0,nan,nan,1,nan,1,nan,nan,nan,nan,nan,nan,nan,nan
Rengoku,WOCOMPANY_002,SDPLDEAL-163,One time Project,nan,Not Started,nan,2025-12-01 00:00:00,Purchase Order,2025-12-01 00:00:00,2025-12-31 00:00:00,OWNER_003,Mining,"Topography Survey: RGB, LiDAR Survey: LiDAR",NONE,nan,nan,141818,167345.24000000002,nan,0,nan,141818,167345.24000000002,0,nan,nan,1,nan,1,nan,nan,nan,nan,nan,nan,nan,nan
Alphonse,WOCOMPANY_009,SDPLDEAL-164,One time Project,nan,Completed,2025-11-28 00:00:00,2025-11-27 00:00:00,Purchase Order,2025-11-27 00:00:00,2025-12-23 00:00:00,OWNER_001,Renewables,Topography Survey: RGB,SPECTRA,2025-12-19 00:00:00,SDPL/FY25-26/894,511777.963004,603897.9963447199,511778.0123320001,603898.05455176,552719.0068000001,-0.049328000000000004,-0.05820704,51179.04775176,nan,nan,497Acres,nan,497,Fully Billed,nan,November,nan,Closed,nan,nan,nan
Alphonse,WOCOMPANY_009,SDPLDEAL-165,One time Project,nan,Completed,2025-12-19 00:00:00,2025-11-28 00:00:00,Purchase Order,2025-11-25 00:00:00,2025-12-25 00:00:00,OWNER_001,Renewables,"Topography Survey: RGB, Hydrology",SPECTRA,nan,nan,709081.3676,836716.0137680001,nan,0,nan,709081.3676,836716.0137680001,0,nan,nan,415Acers,nan,415,Fully Billed,nan,November,nan,nan,nan,nan,nan
Alphonse,WOCOMPANY_009,SDPLDEAL-166,One time Project,nan,Completed,2025-11-07 00:00:00,2025-11-28 00:00:00,Purchase Order,2025-11-13 00:00:00,2025-12-03 00:00:00,OWNER_001,Renewables,"Topography Survey: RGB, Hydrology",SPECTRA,nan,SDPL/FY25-26/900,487112.76680000004,574793.0648239999,487116.02244800003,574796.90648864,nan,-3.2556480000000003,-3.8416646400000003,574796.90648864,nan,nan,230Acres,nan,230,Fully Billed,nan,November,nan,nan,nan,nan,nan
Obito,WOCOMPANY_023,SDPLDEAL-167,One time Project,nan,Completed,2026-01-06 00:00:00,2025-12-05 00:00:00,Purchase Order,2025-12-11 00:00:00,2025-12-31 00:00:00,OWNER_003,Mining,Mine survey,NONE,nan,nan,1.2332,1.455176,nan,0,nan,1.2332,1.455176,0,nan,nan,40 Acres,nan,40,nan,nan,nan,nan,nan,nan,nan,Update Required
Stewie Griffin,WOCOMPANY_029,SDPLDEAL-168,One time Project,nan,Ongoing,nan,2025-12-17 00:00:00,Purchase Order,2025-12-22 00:00:00,2026-01-16 00:00:00,OWNER_002,Powerline,Thermography,NONE,nan,nan,608584.2000000001,718129.356,nan,0,nan,608584.2000000001,718129.356,0,nan,nan,105 Towers,nan,105,nan,nan,nan,nan,nan,nan,nan,nan
Scooby-Doo,WOCOMPANY_002,SDPLDEAL-169,One time Project,nan,Not Started,nan,2025-12-13 00:00:00,Purchase Order,2025-12-13 00:00:00,2026-01-31 00:00:00,OWNER_003,Mining,LiDAR Survey: LiDAR,NONE,nan,nan,680726.4,803257.152,nan,0,nan,680726.4,803257.152,0,nan,nan,1,nan,1,nan,nan,nan,nan,nan,nan,nan,nan
Sesshomaru,WOCOMPANY_017,SDPLDEAL-170,One time Project,nan,Completed,2026-01-06 00:00:00,2025-12-20 00:00:00,Purchase Order,2025-12-16 00:00:00,2026-01-31 00:00:00,OWNER_003,Renewables,Hydrology,NONE,nan,nan,308300,363794,nan,0,nan,308300,363794,0,nan,nan,1,nan,1,nan,nan,nan,nan,nan,nan,nan,Update Required
Erwin,WOCOMPANY_021,SDPLDEAL-171,One time Project,nan,Ongoing,nan,2025-12-17 00:00:00,Purchase Order,2025-12-22 00:00:00,2025-12-31 00:00:00,OWNER_001,Mining,"Topography Survey: RGB, Raw images/videography",NONE,nan,nan,425454,502035.72000000003,nan,0,nan,425454,502035.72000000003,0,nan,nan,10.5 KM,nan,10.5,Not billed yet,nan,nan,nan,nan,nan,nan,nan
Alias_160,WOCOMPANY_051,SDPLDEAL-172,One time Project,nan,Completed,2025-12-23 00:00:00,2025-12-12 00:00:00,Purchase Order,2025-12-20 00:00:00,2025-12-31 00:00:00,OWNER_001,Mining,Topography Survey: RGB,SPECTRA,nan,nan,53644.200000000004,63300.156,nan,0,nan,53644.200000000004,63300.156,0,nan,nan,300 HA,nan,300,Not billed yet,nan,nan,nan,nan,nan,nan,nan
Alias_160,WOCOMPANY_051,SDPLDEAL-173,One time Project,nan,Completed,2025-12-23 00:00:00,2025-12-12 00:00:00,Purchase Order,2025-12-20 00:00:00,2025-12-31 00:00:00,OWNER_001,Mining,Topography Survey: RGB,SPECTRA,nan,nan,51852.360400000005,61185.785272,nan,0,nan,51852.360400000005,61185.785272,0,nan,nan,290,nan,290,Not billed yet,nan,nan,nan,nan,nan,nan,nan
Octopus,WOCOMPANY_002,SDPLDEAL-174,One time Project,nan,Ongoing,nan,2025-12-20 00:00:00,Purchase Order,2025-12-20 00:00:00,2026-01-31 00:00:00,OWNER_003,Mining,Others,NONE,nan,nan,43162,50931.16,nan,0,nan,43162,50931.16,0,nan,nan,1,nan,1,nan,nan,nan,nan,nan,nan,nan,nan
Ben Tennyson,WOCOMPANY_033,SDPLDEAL-175,One time Project,nan,Ongoing,nan,2025-12-22 00:00:00,Email Confirmation,2025-12-25 00:00:00,2026-01-15 00:00:00,OWNER_003,Renewables,"Hydrology, Topography Survey: RGB",NONE,nan,nan,289802,341966.36000000004,nan,0,nan,289802,341966.36000000004,0,nan,nan,1,nan,1,nan,nan,nan,nan,nan,nan,nan,nan
Ben Tennyson,WOCOMPANY_033,SDPLDEAL-176,One time Project,nan,Ongoing,nan,2025-12-22 00:00:00,Email Confirmation,2025-12-25 00:00:00,2026-01-15 00:00:00,OWNER_003,Renewables,"Hydrology, Topography Survey: RGB",NONE,nan,nan,289802,341966.36000000004,nan,0,nan,289802,341966.36000000004,0,nan,nan,1,nan,1,nan,nan,nan,nan,nan,nan,nan,nan
Alphonse,WOCOMPANY_009,SDPLDEAL-177,Monthly Contract,nan,Not Started,nan,2025-12-16 00:00:00,Purchase Order,2025-11-01 00:00:00,2026-03-31 00:00:00,OWNER_005,Renewables,Surveillance- needs continues monitoring,SPECTRA + DMO,nan,nan,462450,545691,184980,218276.40000000002,213910.872,277470,327414.60000000003,4365.528,nan,nan,5,nan,5,nan,nan,nan,nan,nan,nan,nan,nan
Whale,WOCOMPANY_004,SDPLDEAL-178,Proof of Concept,nan,Completed,nan,nan,nan,nan,nan,OWNER_002,Powerline,"Thermography, LiDAR Survey: LiDAR, Powerline Inspection",SPECTRA,nan,nan,0,0,nan,0,nan,0,0,0,nan,nan,2 towers,nan,2,nan,nan,nan,nan,nan,nan,nan,nan
Squirtle,WOCOMPANY_049,SDPLDEAL-179,Proof of Concept,nan,Ongoing,nan,2025-12-24 00:00:00,Purchase Order,2025-12-24 00:00:00,2025-12-31 00:00:00,OWNER_002,Powerline,Powerline Inspection,SPECTRA,nan,nan,55494,65482.920000000006,nan,0,nan,55494,65482.920000000006,0,nan,nan,L/s,nan,nan,nan,nan,nan,nan,nan,nan,nan,nan
Ben Tennyson,WOCOMPANY_033,SDPLDEAL-180,One time Project,nan,Ongoing,nan,2025-12-29 00:00:00,Email Confirmation,2025-12-31 00:00:00,2026-01-31 00:00:00,OWNER_003,Renewables,"Topography Survey: RGB, Hydrology",NONE,nan,nan,295968,349242.24000000005,nan,0,nan,295968,349242.24000000005,0,nan,nan,1,nan,1,nan,nan,nan,nan,nan,nan,nan,nan
Turtle,WOCOMPANY_024,SDPLDEAL-181,Proof of Concept,nan,Details pending from Client,nan,2026-01-01 00:00:00,Purchase Order,2026-01-12 00:00:00,2026-02-12 00:00:00,OWNER_004,Mining,Mine survey,SPECTRA,nan,nan,184980,218276.40000000002,nan,0,nan,184980,218276.40000000002,0,nan,nan,150000,nan,150000,nan,nan,nan,nan,Open,nan,nan,nan
Bugs Bunny,WOCOMPANY_028,SDPLDEAL-182,One time Project,nan,Not Started,nan,2026-01-12 00:00:00,Email Confirmation,2026-01-09 00:00:00,2026-03-31 00:00:00,OWNER_003,Railways,LiDAR Survey: LiDAR,NONE,nan,nan,8986062.028800001,10603553.193984,nan,0,nan,8986062.028800001,10603553.193984,0,nan,nan,593,nan,593,nan,nan,nan,nan,nan,nan,nan,nan
Bulbasaur,WOCOMPANY_050,SDPLDEAL-185,One time Project,nan,Not Started,nan,2026-01-09 00:00:00,Email Confirmation,2026-01-12 00:00:00,2026-01-16 00:00:00,OWNER_004,Others,Others,SPECTRA,nan,nan,139072.89680000002,164106.01822400003,164106.01822400003,193645.10150432,69560.569792,-25033.121424,-29539.083280320003,124084.53171232001,Priority,nan,7000 images,nan,7000,nan,nan,nan,nan,nan,nan,nan,nan
Timon,WOCOMPANY_046,SDPLDEAL-186,One time Project,nan,Ongoing,nan,2026-01-06 00:00:00,Purchase Order,2026-01-13 00:00:00,2026-01-30 00:00:00,OWNER_001,Renewables,Others,NONE,nan,nan,209027.40000000002,246652.33200000002,nan,0,nan,209027.40000000002,246652.33200000002,0,nan,nan,1,nan,1,Not billed yet,nan,nan,nan,nan,nan,nan,nan
Ben Tennyson,WOCOMPANY_033,SDPLDEAL-187,One time Project,nan,Not Started,nan,2026-01-09 00:00:00,Purchase Order,2026-01-19 00:00:00,2026-06-30 00:00:00,OWNER_003,Renewables,Others,NONE,nan,nan,610434,720312.12,nan,0,nan,610434,720312.12,0,nan,nan,6,nan,6,nan,nan,nan,nan,nan,nan,nan,nan
Ben Tennyson,WOCOMPANY_033,SDPLDEAL-188,One time Project,nan,Not Started,nan,2026-01-09 00:00:00,Purchase Order,2026-01-19 00:00:00,2026-02-28 00:00:00,OWNER_003,Renewables,Others,NONE,nan,nan,215810,254655.80000000002,nan,0,nan,215810,254655.80000000002,0,nan,nan,2,nan,2,nan,nan,nan,nan,nan,nan,nan,nan
nan,WOCOMPANY_045,SDPLDEAL-189,Proof of Concept,nan,Ongoing,nan,2026-01-09 00:00:00,Purchase Order,2026-01-17 00:00:00,2026-03-31 00:00:00,OWNER_003,Railways,Others,NONE,nan,nan,1035854.087,1222307.82266,nan,0,nan,1035854.087,1222307.82266,0,nan,nan,30,nan,30,nan,nan,nan,nan,nan,nan,nan,nan
